{
  "가족지인사칭형": {
    "진술": 22348.52733960159,
    "압수": 15664.40673378916,
    "수사관": 13288.201079252958,
    "검찰청": 11130.10243523392,
    "동결": 6468.200659217903,
    "첨단": 6306.681560766887,
    "지검": 4404.649314325754,
    "주범": 3638.9670147153147,
    "상환": 3157.3245897919896,
    "혐의": 3134.8572474064786,
    "청약": 2990.497501890601,
    "피해자분": 2826.894555932383,
    "금융사": 2772.8955162006164,
    "소환": 2736.560979393352,
    "감독원": 2603.002596967334,
    "피해자": 2459.8490782856366,
    "사기단": 1922.984074722612,
    "가해자": 1879.337495787382,
    "수사": 1855.2290960700627,
    "대포": 1847.913532065481,
    "녹취": 1782.4417688893393,
    "이율": 1769.6111527867122,
    "금융": 1736.6663010389411,
    "체포": 1465.1100486927987,
    "검거": 1330.5015677022523,
    "경찰청": 1254.7790892413657,
    "유출": 1249.1658471692751,
    "약식": 1085.1151393341454,
    "안건": 1071.692174070344,
    "검찰": 1058.4379279904624,
    "남성": 996.9285948095026,
    "예치금": 978.9038035138227,
    "신용도": 873.4249492642734,
    "진수": 802.6359315247541,
    "펀드": 748.9786609976495,
    "도용": 684.9536972583452,
    "보증서": 665.2628751471674,
    "보험사": 630.0267418582669,
    "범죄": 571.1719470594272,
    "원리금": 519.0542996419113,
    "사건": 512.2876098335847,
    "조사": 510.03997231834836,
    "원금": 463.58900889310695,
    "대출": 448.6034586281966,
    "계서": 436.9913061743037,
    "뱅킹": 434.67849677482616,
    "협조": 398.4090851815861,
    "일장": 382.24758565918705,
    "평점": 370.90208649321244,
    "자금": 353.91302243343097
  },
  "기관사칭형": {
    "연루": 56811.277207202234,
    "귀하": 55069.27378896526,
    "수사관": 54831.53885309949,
    "진술": 42674.03335718927,
    "압수": 38665.19654383869,
    "검찰청": 38183.78151351259,
    "동결": 34034.76313281379,
    "지검": 31217.78834402257,
    "보험금": 26722.04024987889,
    "혐의": 22539.073625986108,
    "감독원": 21266.33599578269,
    "조사관": 15876.403069046213,
    "첨단": 14759.084039004714,
    "사기단": 12662.77802153237,
    "대포": 12626.589920290122,
    "포착": 11199.966161563381,
    "주범": 9731.565773587354,
    "피해자분": 9390.740446635918,
    "소환": 9090.658800819254,
    "경찰청": 8084.470771754648,
    "청약": 7652.441093067731,
    "금융사": 7427.965965708555,
    "구속": 7099.400396477891,
    "범죄자": 7062.743822597317,
    "수사": 6766.739600961053,
    "피해자": 6595.494898703497,
    "카드론": 5822.327577962074,
    "가해자": 5520.16149004344,
    "상환": 5434.225183684495,
    "체포": 4741.414441853409,
    "금융": 4624.754574962863,
    "정황": 4437.734975715522,
    "종결": 4412.110889176499,
    "위조": 4388.3490531332445,
    "안건": 4286.768696281376,
    "악용": 4231.153984170876,
    "은행권": 4212.2616134002155,
    "금리": 4052.783526342996,
    "금고": 4050.5689256605383,
    "약식": 4044.0429403023118,
    "금감원": 4032.1228230159118,
    "공범": 4013.455123023251,
    "녹취": 3962.8184941540717,
    "검거": 3636.224926661447,
    "변제": 3603.24355274125,
    "이율": 3539.2223055734244,
    "예금자": 3498.175275465675,
    "대검찰청": 3229.9344855770923,
    "공판": 3140.9032293206424,
    "검찰": 2990.071946034623
  },
  "대출빙자형": {
    "수사관": 24586.093528156485,
    "귀하": 22894.852733412605,
    "압수": 17953.41571986273,
    "진술": 17474.21760727849,
    "동결": 12936.401318435806,
    "지검": 8809.298628651508,
    "금융사": 8554.278685896736,
    "이율": 8507.148885477232,
    "혐의": 8103.488429659691,
    "상환": 8090.089924666526,
    "감독원": 7307.552152724971,
    "금리": 6715.788324346126,
    "첨단": 6306.681560766887,
    "대포": 5543.740596196442,
    "변제": 5495.614028978268,
    "피해자분": 5381.495450833501,
    "부결": 5347.09847737172,
    "카드론": 5119.99470111862,
    "검찰청": 4793.474207810835,
    "금감원": 4461.646345364099,
    "신용도": 4056.059856944571,
    "금융": 3479.007839790403,
    "피해자": 3353.2361476345664,
    "청약": 2990.497501890601,
    "녹취": 2606.5444051182762,
    "범죄자": 2572.405000045002,
    "주범": 2483.9814257748476,
    "수사": 2482.8360925816737,
    "증액": 2191.264288277934,
    "평점": 2190.878046598334,
    "편법": 2057.8914396580685,
    "보증서": 1972.9350315377742,
    "금고": 1874.778707657726,
    "협조": 1721.8954185046691,
    "가해자": 1618.773208287959,
    "예치": 1602.0514317079967,
    "수익": 1589.285933525641,
    "악용": 1462.6554521728265,
    "위조": 1446.8182195947386,
    "해명": 1431.653858504239,
    "유출": 1417.993615141347,
    "중개업체": 1389.67332356924,
    "소환": 1368.280489696676,
    "예치금": 1357.5954879157152,
    "파견": 1331.7565250457264,
    "원리금": 1309.9472054531059,
    "경찰청": 1254.7790892413657,
    "검거": 1225.1021887678733,
    "대출": 1191.1957488859016,
    "뱅킹": 1186.5487646171082
  },
  "메신저피싱형": {
    "귀하": 43971.22822547076,
    "연루": 22858.39473902255,
    "진술": 11317.796710663904,
    "압수": 10948.95044263777,
    "수사관": 10530.650206329168,
    "검찰청": 9586.94841562167,
    "혐의": 7278.913116214365,
    "지검": 6981.203992033474,
    "경찰청": 3243.5568923779756,
    "사기단": 3047.8576479193102,
    "가해자": 2688.724099931362,
    "피해자": 2530.920433540916,
    "구속": 2444.968661899005,
    "첨단": 2246.485298746804,
    "피해자분": 2240.260932322806,
    "수사": 1855.2290960700627,
    "대포": 1847.913532065481,
    "주범": 1567.217788840202,
    "체포": 1465.1100486927987,
    "악용": 1462.6554521728265,
    "금고": 1450.5268120018745,
    "감지": 1416.5328343987335,
    "금융": 1409.0750155670107,
    "소환": 1368.280489696676,
    "녹취": 1308.2260351588397,
    "유출": 1176.200488517438,
    "대검찰청": 933.6604510914987,
    "메신저": 921.4698026007868,
    "공판": 917.4292191610001,
    "협조": 796.8181703631722,
    "도용": 684.9536972583452,
    "약식": 684.63142745675,
    "경위": 615.4419204551675,
    "검찰": 597.5676292388156,
    "유포": 544.3323161570138,
    "범죄": 515.8196662400611,
    "사건": 512.2876098335847,
    "조사": 510.03997231834836,
    "검거": 473.93422087403303,
    "강수": 473.2182859339123,
    "조사자": 461.03980944583225,
    "보안": 441.79913690797855,
    "계서": 436.9913061743037,
    "사기범": 430.8639091550623,
    "거래": 399.417493749788,
    "세탁": 393.45981038058477,
    "남성": 385.66462551444295,
    "긴급": 379.17925327886593,
    "예치금": 378.6916844018924,
    "신속": 358.1933199452282
  },
  "세금환급형": {
    "귀하": 19720.552745646713,
    "검찰청": 7597.476867554225,
    "보험금": 5129.528642330532,
    "감독원": 4125.66150547301,
    "경찰청": 3243.5568923779756,
    "상환": 1825.3429683548359,
    "금리": 1284.7019825588204,
    "금융": 1032.1287932554358,
    "세금": 944.5211942196526,
    "수사": 717.7005838779048,
    "신원": 614.4855190870296,
    "신분": 560.9621143796905,
    "보험사": 490.25609695214337,
    "협조": 398.4090851815861,
    "환급금": 382.163931003015,
    "평점": 370.90208649321244,
    "신속": 358.1933199452282,
    "자금": 331.1864885029253,
    "주거래": 324.95993481068643,
    "사기": 271.9688536667681,
    "외환": 257.5458747456039,
    "뒷자리": 257.353285539717,
    "수상하다": 254.1314293705972,
    "잔금": 245.23232903212363,
    "입출금": 227.89477719401629,
    "거래": 226.89348780561298,
    "국세청": 215.1456812430842,
    "세무서": 188.01594031306445,
    "회생": 179.41907825751278,
    "소득세": 172.9464291628923,
    "범죄": 171.93988874668705,
    "신장": 164.6820135271279,
    "캐피탈": 161.10473024719985,
    "수사과": 159.50006426435155,
    "환급액": 151.27339040739756,
    "의심": 139.77863053773655,
    "조사": 118.01213743507248,
    "공식": 116.18660397633762,
    "꺼리다": 109.81390248776587,
    "발견": 96.38200252831192,
    "한도": 95.51350433920503,
    "안전": 90.0946004717425,
    "임대료": 83.71240123801839,
    "세무": 78.33405647910526,
    "정말": 72.79497418159657,
    "조세": 69.96030855104013,
    "경찰서": 69.31733972363331,
    "신분증": 69.30264623413875,
    "지난해": 64.44215019235853,
    "대납": 63.77357704387951
  },
  "콜백스미싱형": {
    "귀하": 34110.951852647406,
    "연루": 28167.814796110237,
    "보험금": 20966.757718655357,
    "검찰청": 12390.951075365057,
    "수사관": 10530.650206329168,
    "지검": 6981.203992033474,
    "경찰청": 6032.168430759437,
    "혐의": 4968.6311822532125,
    "압수": 4715.456291151388,
    "수사": 2153.1017516337142,
    "주범": 1567.217788840202,
    "검찰": 875.4207536730526,
    "녹취": 872.1506901058931,
    "보험사": 857.9249518238722,
    "감지": 818.5932445791842,
    "협조": 796.8181703631722,